[{"model": "admin.logentry", "pk": 1, "fields": {"action_time": "2022-04-25T09:07:15.147Z", "user": 1, "content_type": 7, "object_id": "1", "object_repr": "drydrops.example.com", "action_flag": 2, "change_message": "[{\"changed\": {\"fields\": [\"Domain name\", \"Display name\"]}}]"}}, {"model": "admin.logentry", "pk": 2, "fields": {"action_time": "2022-04-25T09:18:00.362Z", "user": 1, "content_type": 8, "object_id": "1", "object_repr": "derek.degoey@hotmail.co.uk", "action_flag": 2, "change_message": "[{\"changed\": {\"fields\": [\"Verified\", \"Primary\"]}}]"}}, {"model": "admin.logentry", "pk": 3, "fields": {"action_time": "2022-04-26T12:49:10.755Z", "user": 1, "content_type": 13, "object_id": "1", "object_repr": "beer", "action_flag": 1, "change_message": "[{\"added\": {}}]"}}, {"model": "admin.logentry", "pk": 4, "fields": {"action_time": "2022-04-26T12:49:22.890Z", "user": 1, "content_type": 13, "object_id": "2", "object_repr": "cider", "action_flag": 1, "change_message": "[{\"added\": {}}]"}}, {"model": "admin.logentry", "pk": 5, "fields": {"action_time": "2022-04-26T12:49:40.724Z", "user": 1, "content_type": 13, "object_id": "3", "object_repr": "wines", "action_flag": 1, "change_message": "[{\"added\": {}}]"}}, {"model": "admin.logentry", "pk": 6, "fields": {"action_time": "2022-04-26T12:49:49.418Z", "user": 1, "content_type": 13, "object_id": "2", "object_repr": "ciders", "action_flag": 2, "change_message": "[{\"changed\": {\"fields\": [\"Name\", \"Friendly name\"]}}]"}}, {"model": "admin.logentry", "pk": 7, "fields": {"action_time": "2022-04-26T12:49:54.673Z", "user": 1, "content_type": 13, "object_id": "1", "object_repr": "beers", "action_flag": 2, "change_message": "[{\"changed\": {\"fields\": [\"Name\", \"Friendly name\"]}}]"}}, {"model": "admin.logentry", "pk": 8, "fields": {"action_time": "2022-04-26T12:50:12.349Z", "user": 1, "content_type": 13, "object_id": "4", "object_repr": "spirits", "action_flag": 1, "change_message": "[{\"added\": {}}]"}}, {"model": "admin.logentry", "pk": 9, "fields": {"action_time": "2022-04-26T12:52:59.693Z", "user": 1, "content_type": 14, "object_id": "1", "object_repr": "Guiness 0.0 Alcohol Free Stout 4 x 440ml", "action_flag": 1, "change_message": "[{\"added\": {}}]"}}, {"model": "admin.logentry", "pk": 10, "fields": {"action_time": "2022-04-26T12:54:42.432Z", "user": 1, "content_type": 14, "object_id": "2", "object_repr": "Corona Cero Alcohol Free 0.0% - 4 x 330ml", "action_flag": 1, "change_message": "[{\"added\": {}}]"}}, {"model": "admin.logentry", "pk": 11, "fields": {"action_time": "2022-04-26T12:54:50.836Z", "user": 1, "content_type": 14, "object_id": "1", "object_repr": "Guiness 0.0 Alcohol Free Stout - 4 x 440ml", "action_flag": 2, "change_message": "[{\"changed\": {\"fields\": [\"Name\"]}}]"}}, {"model": "admin.logentry", "pk": 12, "fields": {"action_time": "2022-04-26T12:57:22.854Z", "user": 1, "content_type": 14, "object_id": "3", "object_repr": "Old Mout Berries & Cherries 0.05% Alcohol Free Cider - 1 x 500ml", "action_flag": 1, "change_message": "[{\"added\": {}}]"}}, {"model": "admin.logentry", "pk": 13, "fields": {"action_time": "2022-04-26T12:58:39.349Z", "user": 1, "content_type": 14, "object_id": "4", "object_repr": "Brothers Toffee Apple Alcohol Free Cider 0.0% - 1 x 500ml", "action_flag": 1, "change_message": "[{\"added\": {}}]"}}, {"model": "admin.logentry", "pk": 14, "fields": {"action_time": "2022-04-26T12:59:29.027Z", "user": 1, "content_type": 14, "object_id": "5", "object_repr": "McGuigan Zero Sauvignon Blanc NV 0.0% Alcohol Free Wine 750ml", "action_flag": 1, "change_message": "[{\"added\": {}}]"}}, {"model": "admin.logentry", "pk": 15, "fields": {"action_time": "2022-04-26T13:00:14.698Z", "user": 1, "content_type": 14, "object_id": "6", "object_repr": "Carl Jung Rosé Wine 0.5% ABV Low Alcohol Wine 70cl", "action_flag": 1, "change_message": "[{\"added\": {}}]"}}, {"model": "admin.logentry", "pk": 16, "fields": {"action_time": "2022-04-26T13:01:21.442Z", "user": 1, "content_type": 14, "object_id": "7", "object_repr": "Gordons Gin 0.0 Alcohol Free Spirit 1 x 70cl", "action_flag": 1, "change_message": "[{\"added\": {}}]"}}, {"model": "admin.logentry", "pk": 17, "fields": {"action_time": "2022-04-26T13:02:13.995Z", "user": 1, "content_type": 14, "object_id": "8", "object_repr": "Three Spirit Social Elixir 1 x 50cl", "action_flag": 1, "change_message": "[{\"added\": {}}]"}}, {"model": "admin.logentry", "pk": 18, "fields": {"action_time": "2022-04-26T13:11:05.219Z", "user": 1, "content_type": 14, "object_id": "1", "object_repr": "Guiness 0.0 Alcohol Free Stout - 4 x 440ml", "action_flag": 2, "change_message": "[{\"changed\": {\"fields\": [\"Sku\"]}}]"}}, {"model": "admin.logentry", "pk": 19, "fields": {"action_time": "2022-04-26T15:17:19.909Z", "user": 1, "content_type": 14, "object_id": "1", "object_repr": "Guiness 0.0 Alcohol Free Stout - 4 x 440ml", "action_flag": 2, "change_message": "[{\"changed\": {\"fields\": [\"Rating\"]}}]"}}, {"model": "admin.logentry", "pk": 20, "fields": {"action_time": "2022-04-26T15:17:26.563Z", "user": 1, "content_type": 14, "object_id": "2", "object_repr": "Corona Cero Alcohol Free 0.0% - 4 x 330ml", "action_flag": 2, "change_message": "[{\"changed\": {\"fields\": [\"Rating\"]}}]"}}, {"model": "admin.logentry", "pk": 21, "fields": {"action_time": "2022-04-26T15:17:31.161Z", "user": 1, "content_type": 14, "object_id": "3", "object_repr": "Old Mout Berries & Cherries 0.05% Alcohol Free Cider - 1 x 500ml", "action_flag": 2, "change_message": "[{\"changed\": {\"fields\": [\"Rating\"]}}]"}}, {"model": "admin.logentry", "pk": 22, "fields": {"action_time": "2022-04-26T15:17:35.442Z", "user": 1, "content_type": 14, "object_id": "4", "object_repr": "Brothers Toffee Apple Alcohol Free Cider 0.0% - 1 x 500ml", "action_flag": 2, "change_message": "[{\"changed\": {\"fields\": [\"Rating\"]}}]"}}, {"model": "admin.logentry", "pk": 23, "fields": {"action_time": "2022-04-26T15:17:42.652Z", "user": 1, "content_type": 14, "object_id": "7", "object_repr": "Gordons Gin 0.0 Alcohol Free Spirit 1 x 70cl", "action_flag": 2, "change_message": "[{\"changed\": {\"fields\": [\"Rating\"]}}]"}}, {"model": "admin.logentry", "pk": 24, "fields": {"action_time": "2022-04-26T15:17:49.339Z", "user": 1, "content_type": 14, "object_id": "8", "object_repr": "Three Spirit Social Elixir 1 x 50cl", "action_flag": 2, "change_message": "[{\"changed\": {\"fields\": [\"Rating\"]}}]"}}, {"model": "admin.logentry", "pk": 25, "fields": {"action_time": "2022-04-27T09:01:29.313Z", "user": 1, "content_type": 14, "object_id": "1", "object_repr": "Guiness 0.0 Alcohol Free Stout - 4 x 440ml", "action_flag": 2, "change_message": "[{\"changed\": {\"fields\": [\"Featured\"]}}]"}}, {"model": "admin.logentry", "pk": 26, "fields": {"action_time": "2022-04-27T09:01:33.872Z", "user": 1, "content_type": 14, "object_id": "2", "object_repr": "Corona Cero Alcohol Free 0.0% - 4 x 330ml", "action_flag": 2, "change_message": "[{\"changed\": {\"fields\": [\"Featured\"]}}]"}}, {"model": "admin.logentry", "pk": 27, "fields": {"action_time": "2022-04-27T11:19:33.551Z", "user": 1, "content_type": 14, "object_id": "1", "object_repr": "Guiness 0.0 Alcohol Free Stout - 4 x 440ml", "action_flag": 2, "change_message": "[{\"changed\": {\"fields\": [\"Image\"]}}]"}}, {"model": "admin.logentry", "pk": 28, "fields": {"action_time": "2022-04-27T11:23:26.325Z", "user": 1, "content_type": 14, "object_id": "1", "object_repr": "Guiness 0.0 Alcohol Free Stout - 4 x 440ml", "action_flag": 2, "change_message": "[{\"changed\": {\"fields\": [\"Image\"]}}]"}}, {"model": "admin.logentry", "pk": 29, "fields": {"action_time": "2022-05-05T14:16:56.279Z", "user": 1, "content_type": 16, "object_id": "9", "object_repr": "FA65660398F6413E858B779B23D6B952", "action_flag": 2, "change_message": "[{\"changed\": {\"name\": \"order line item\", \"object\": \"SKU C01 on order FA65660398F6413E858B779B23D6B952\", \"fields\": [\"Quantity\"]}}]"}}, {"model": "admin.logentry", "pk": 30, "fields": {"action_time": "2022-05-05T14:17:15.717Z", "user": 1, "content_type": 16, "object_id": "8", "object_repr": "5BE4E78B5021497D9E1998B943CBC486", "action_flag": 3, "change_message": ""}}, {"model": "admin.logentry", "pk": 31, "fields": {"action_time": "2022-05-05T14:17:15.719Z", "user": 1, "content_type": 16, "object_id": "7", "object_repr": "78E7BC2D7FA84A29A1B6B9BCC79F5B3D", "action_flag": 3, "change_message": ""}}, {"model": "admin.logentry", "pk": 32, "fields": {"action_time": "2022-05-05T14:17:15.721Z", "user": 1, "content_type": 16, "object_id": "6", "object_repr": "B141C590841944EEAF3D849AC836AD40", "action_flag": 3, "change_message": ""}}, {"model": "admin.logentry", "pk": 33, "fields": {"action_time": "2022-05-05T14:17:15.722Z", "user": 1, "content_type": 16, "object_id": "5", "object_repr": "66F06FDB73904559BB605395E8C903F5", "action_flag": 3, "change_message": ""}}, {"model": "admin.logentry", "pk": 34, "fields": {"action_time": "2022-05-05T14:17:15.724Z", "user": 1, "content_type": 16, "object_id": "4", "object_repr": "FD36372F114844D88B6CA37F5EDAC6E5", "action_flag": 3, "change_message": ""}}, {"model": "admin.logentry", "pk": 35, "fields": {"action_time": "2022-05-05T14:17:15.725Z", "user": 1, "content_type": 16, "object_id": "3", "object_repr": "53D56FDCC0C84201A1E7F6FBE533CBD6", "action_flag": 3, "change_message": ""}}, {"model": "admin.logentry", "pk": 36, "fields": {"action_time": "2022-05-05T14:17:15.726Z", "user": 1, "content_type": 16, "object_id": "2", "object_repr": "E769866AEB6342E8A2F13A5C43F4E960", "action_flag": 3, "change_message": ""}}, {"model": "admin.logentry", "pk": 37, "fields": {"action_time": "2022-05-05T14:17:15.728Z", "user": 1, "content_type": 16, "object_id": "1", "object_repr": "2F530C8F4D134DABAAD4068114C8062A", "action_flag": 3, "change_message": ""}}, {"model": "admin.logentry", "pk": 38, "fields": {"action_time": "2022-05-05T14:17:21.779Z", "user": 1, "content_type": 16, "object_id": "9", "object_repr": "FA65660398F6413E858B779B23D6B952", "action_flag": 2, "change_message": "[{\"changed\": {\"name\": \"order line item\", \"object\": \"SKU S01 on order FA65660398F6413E858B779B23D6B952\", \"fields\": [\"Quantity\"]}}]"}}, {"model": "admin.logentry", "pk": 39, "fields": {"action_time": "2022-05-05T14:17:33.600Z", "user": 1, "content_type": 16, "object_id": "9", "object_repr": "FA65660398F6413E858B779B23D6B952", "action_flag": 2, "change_message": "[{\"changed\": {\"name\": \"order line item\", \"object\": \"SKU S01 on order FA65660398F6413E858B779B23D6B952\", \"fields\": [\"Quantity\"]}}]"}}, {"model": "admin.logentry", "pk": 40, "fields": {"action_time": "2022-05-05T14:17:41.277Z", "user": 1, "content_type": 16, "object_id": "9", "object_repr": "FA65660398F6413E858B779B23D6B952", "action_flag": 2, "change_message": "[{\"changed\": {\"name\": \"order line item\", \"object\": \"SKU C01 on order FA65660398F6413E858B779B23D6B952\", \"fields\": [\"Quantity\"]}}]"}}, {"model": "admin.logentry", "pk": 41, "fields": {"action_time": "2022-05-05T14:17:47.565Z", "user": 1, "content_type": 16, "object_id": "9", "object_repr": "FA65660398F6413E858B779B23D6B952", "action_flag": 2, "change_message": "[{\"changed\": {\"name\": \"order line item\", \"object\": \"SKU C02 on order FA65660398F6413E858B779B23D6B952\", \"fields\": [\"Product\"]}}]"}}, {"model": "admin.logentry", "pk": 42, "fields": {"action_time": "2022-05-05T14:23:19.201Z", "user": 1, "content_type": 16, "object_id": "11", "object_repr": "F5926E30B53341D288A61424E0B42E9D", "action_flag": 3, "change_message": ""}}, {"model": "admin.logentry", "pk": 43, "fields": {"action_time": "2022-05-05T14:23:19.203Z", "user": 1, "content_type": 16, "object_id": "10", "object_repr": "114DC0E1B24C4FA0B576368B1B648276", "action_flag": 3, "change_message": ""}}, {"model": "admin.logentry", "pk": 44, "fields": {"action_time": "2022-05-05T14:23:19.205Z", "user": 1, "content_type": 16, "object_id": "9", "object_repr": "FA65660398F6413E858B779B23D6B952", "action_flag": 3, "change_message": ""}}, {"model": "admin.logentry", "pk": 45, "fields": {"action_time": "2022-05-06T13:46:26.983Z", "user": 1, "content_type": 16, "object_id": "25", "object_repr": "4AC86F81A04E431D880076064BB54A19", "action_flag": 3, "change_message": ""}}, {"model": "admin.logentry", "pk": 46, "fields": {"action_time": "2022-05-06T13:46:26.990Z", "user": 1, "content_type": 16, "object_id": "24", "object_repr": "0EDB69AB0CAE4013AC42E026BB761B7D", "action_flag": 3, "change_message": ""}}, {"model": "admin.logentry", "pk": 47, "fields": {"action_time": "2022-05-06T13:46:26.993Z", "user": 1, "content_type": 16, "object_id": "23", "object_repr": "3BC0BF917BA741178A9EB3360A6C3F37", "action_flag": 3, "change_message": ""}}, {"model": "admin.logentry", "pk": 48, "fields": {"action_time": "2022-05-06T13:46:26.995Z", "user": 1, "content_type": 16, "object_id": "22", "object_repr": "F5B56D62880D478F92F0ED578B23EBE8", "action_flag": 3, "change_message": ""}}, {"model": "admin.logentry", "pk": 49, "fields": {"action_time": "2022-05-06T13:46:26.997Z", "user": 1, "content_type": 16, "object_id": "21", "object_repr": "6B07F7289A5F48828889A3AB1C027816", "action_flag": 3, "change_message": ""}}, {"model": "admin.logentry", "pk": 50, "fields": {"action_time": "2022-05-06T13:46:26.999Z", "user": 1, "content_type": 16, "object_id": "20", "object_repr": "983467BA56A44F6E9CA37FCD44E86450", "action_flag": 3, "change_message": ""}}, {"model": "admin.logentry", "pk": 51, "fields": {"action_time": "2022-05-06T13:46:27.002Z", "user": 1, "content_type": 16, "object_id": "19", "object_repr": "867A396A7E164ED8941D85201FB55C32", "action_flag": 3, "change_message": ""}}, {"model": "admin.logentry", "pk": 52, "fields": {"action_time": "2022-05-06T13:46:27.006Z", "user": 1, "content_type": 16, "object_id": "18", "object_repr": "D3DF5C55BF8D4E99BC6C8C00E717251B", "action_flag": 3, "change_message": ""}}, {"model": "admin.logentry", "pk": 53, "fields": {"action_time": "2022-05-06T13:46:27.008Z", "user": 1, "content_type": 16, "object_id": "17", "object_repr": "F3FE10AAB4BF43EBAE5AF01BFB8A2F48", "action_flag": 3, "change_message": ""}}, {"model": "admin.logentry", "pk": 54, "fields": {"action_time": "2022-05-06T13:46:27.011Z", "user": 1, "content_type": 16, "object_id": "16", "object_repr": "CDD0B80E5D3A4C97A4F8C5CA5732F9E7", "action_flag": 3, "change_message": ""}}, {"model": "admin.logentry", "pk": 55, "fields": {"action_time": "2022-05-06T13:46:27.012Z", "user": 1, "content_type": 16, "object_id": "15", "object_repr": "6DDF2F50F1AE414EBFB18978B3E244E8", "action_flag": 3, "change_message": ""}}, {"model": "admin.logentry", "pk": 56, "fields": {"action_time": "2022-05-06T13:46:27.014Z", "user": 1, "content_type": 16, "object_id": "14", "object_repr": "CC19FC46087C4FFB80C45A5F91CE2B8E", "action_flag": 3, "change_message": ""}}, {"model": "admin.logentry", "pk": 57, "fields": {"action_time": "2022-05-06T13:46:27.016Z", "user": 1, "content_type": 16, "object_id": "13", "object_repr": "890EAC8B38D642D88EEDB74270BC2A90", "action_flag": 3, "change_message": ""}}, {"model": "admin.logentry", "pk": 58, "fields": {"action_time": "2022-05-06T13:46:27.019Z", "user": 1, "content_type": 16, "object_id": "12", "object_repr": "71B7156571F84D528FF7D3283C2E233D", "action_flag": 3, "change_message": ""}}, {"model": "admin.logentry", "pk": 59, "fields": {"action_time": "2022-05-10T13:42:45.746Z", "user": 1, "content_type": 16, "object_id": "5", "object_repr": "BE0C9884DB6D4BAABDFE4E5012230431", "action_flag": 3, "change_message": ""}}, {"model": "admin.logentry", "pk": 60, "fields": {"action_time": "2022-05-10T13:42:45.748Z", "user": 1, "content_type": 16, "object_id": "4", "object_repr": "514D565BD6074C139D1DB83067FACEB3", "action_flag": 3, "change_message": ""}}, {"model": "admin.logentry", "pk": 61, "fields": {"action_time": "2022-05-10T13:42:45.749Z", "user": 1, "content_type": 16, "object_id": "3", "object_repr": "A8AF381E95DC45DAAF0200A3B973C9CE", "action_flag": 3, "change_message": ""}}, {"model": "admin.logentry", "pk": 62, "fields": {"action_time": "2022-05-10T13:42:45.751Z", "user": 1, "content_type": 16, "object_id": "2", "object_repr": "D82317871F524554883233CA6D2B6171", "action_flag": 3, "change_message": ""}}, {"model": "admin.logentry", "pk": 63, "fields": {"action_time": "2022-05-10T13:42:45.752Z", "user": 1, "content_type": 16, "object_id": "1", "object_repr": "E63156437FD548089BEBC55765AE5071", "action_flag": 3, "change_message": ""}}, {"model": "admin.logentry", "pk": 64, "fields": {"action_time": "2022-05-10T13:56:57.707Z", "user": 1, "content_type": 16, "object_id": "6", "object_repr": "AE6FF5EFA2754B49B27D4FE2E1885C56", "action_flag": 3, "change_message": ""}}, {"model": "admin.logentry", "pk": 65, "fields": {"action_time": "2022-05-10T15:09:46.961Z", "user": 1, "content_type": 4, "object_id": "1", "object_repr": "Del", "action_flag": 2, "change_message": "[{\"changed\": {\"fields\": [\"First name\"]}}]"}}, {"model": "admin.logentry", "pk": 66, "fields": {"action_time": "2022-05-12T09:52:33.583Z", "user": 1, "content_type": 14, "object_id": "10", "object_repr": "test", "action_flag": 3, "change_message": ""}}, {"model": "admin.logentry", "pk": 67, "fields": {"action_time": "2022-05-12T09:52:33.609Z", "user": 1, "content_type": 14, "object_id": "9", "object_repr": "wdada", "action_flag": 3, "change_message": ""}}, {"model": "admin.logentry", "pk": 68, "fields": {"action_time": "2022-05-16T10:06:23.775Z", "user": 1, "content_type": 18, "object_id": "1", "object_repr": "User: Del rated Guiness 0.0 Alcohol Free Stout - 4 x 440ml, Guiness 0.0 Alcohol Free Stout - 4 x 440ml stars.", "action_flag": 1, "change_message": "[{\"added\": {}}]"}}, {"model": "admin.logentry", "pk": 69, "fields": {"action_time": "2022-05-16T15:26:42.467Z", "user": 1, "content_type": 18, "object_id": "6", "object_repr": "User: Del rated Guiness 0.0 Alcohol Free Stout - 4 x 440ml, Guiness 0.0 Alcohol Free Stout - 4 x 440ml stars.", "action_flag": 3, "change_message": ""}}, {"model": "admin.logentry", "pk": 70, "fields": {"action_time": "2022-05-16T15:26:42.470Z", "user": 1, "content_type": 18, "object_id": "5", "object_repr": "User: Del rated Guiness 0.0 Alcohol Free Stout - 4 x 440ml, Guiness 0.0 Alcohol Free Stout - 4 x 440ml stars.", "action_flag": 3, "change_message": ""}}, {"model": "admin.logentry", "pk": 71, "fields": {"action_time": "2022-05-16T15:26:42.471Z", "user": 1, "content_type": 18, "object_id": "4", "object_repr": "User: Del rated Guiness 0.0 Alcohol Free Stout - 4 x 440ml, Guiness 0.0 Alcohol Free Stout - 4 x 440ml stars.", "action_flag": 3, "change_message": ""}}, {"model": "admin.logentry", "pk": 72, "fields": {"action_time": "2022-05-16T15:26:42.473Z", "user": 1, "content_type": 18, "object_id": "3", "object_repr": "User: Del rated Guiness 0.0 Alcohol Free Stout - 4 x 440ml, Guiness 0.0 Alcohol Free Stout - 4 x 440ml stars.", "action_flag": 3, "change_message": ""}}, {"model": "admin.logentry", "pk": 73, "fields": {"action_time": "2022-05-16T15:26:42.474Z", "user": 1, "content_type": 18, "object_id": "2", "object_repr": "User: Del rated Guiness 0.0 Alcohol Free Stout - 4 x 440ml, Guiness 0.0 Alcohol Free Stout - 4 x 440ml stars.", "action_flag": 3, "change_message": ""}}, {"model": "admin.logentry", "pk": 74, "fields": {"action_time": "2022-05-16T15:26:42.475Z", "user": 1, "content_type": 18, "object_id": "1", "object_repr": "User: Del rated Guiness 0.0 Alcohol Free Stout - 4 x 440ml, Guiness 0.0 Alcohol Free Stout - 4 x 440ml stars.", "action_flag": 3, "change_message": ""}}, {"model": "admin.logentry", "pk": 75, "fields": {"action_time": "2022-05-17T12:32:35.408Z", "user": 1, "content_type": 18, "object_id": "15", "object_repr": "User: Del rated Guiness 0.0 Alcohol Free Stout - 4 x 440ml, Guiness 0.0 Alcohol Free Stout - 4 x 440ml stars.", "action_flag": 3, "change_message": ""}}, {"model": "admin.logentry", "pk": 76, "fields": {"action_time": "2022-05-17T12:32:35.410Z", "user": 1, "content_type": 18, "object_id": "14", "object_repr": "User: Del rated Guiness 0.0 Alcohol Free Stout - 4 x 440ml, Guiness 0.0 Alcohol Free Stout - 4 x 440ml stars.", "action_flag": 3, "change_message": ""}}, {"model": "admin.logentry", "pk": 77, "fields": {"action_time": "2022-05-17T12:32:35.411Z", "user": 1, "content_type": 18, "object_id": "13", "object_repr": "User: Del rated Guiness 0.0 Alcohol Free Stout - 4 x 440ml, Guiness 0.0 Alcohol Free Stout - 4 x 440ml stars.", "action_flag": 3, "change_message": ""}}, {"model": "admin.logentry", "pk": 78, "fields": {"action_time": "2022-05-17T12:32:35.413Z", "user": 1, "content_type": 18, "object_id": "12", "object_repr": "User: Del rated Guiness 0.0 Alcohol Free Stout - 4 x 440ml, Guiness 0.0 Alcohol Free Stout - 4 x 440ml stars.", "action_flag": 3, "change_message": ""}}, {"model": "admin.logentry", "pk": 79, "fields": {"action_time": "2022-05-17T12:32:35.415Z", "user": 1, "content_type": 18, "object_id": "11", "object_repr": "User: Del rated Guiness 0.0 Alcohol Free Stout - 4 x 440ml, Guiness 0.0 Alcohol Free Stout - 4 x 440ml stars.", "action_flag": 3, "change_message": ""}}, {"model": "admin.logentry", "pk": 80, "fields": {"action_time": "2022-05-17T12:32:35.416Z", "user": 1, "content_type": 18, "object_id": "10", "object_repr": "User: Del rated Guiness 0.0 Alcohol Free Stout - 4 x 440ml, Guiness 0.0 Alcohol Free Stout - 4 x 440ml stars.", "action_flag": 3, "change_message": ""}}, {"model": "admin.logentry", "pk": 81, "fields": {"action_time": "2022-05-17T12:32:35.417Z", "user": 1, "content_type": 18, "object_id": "9", "object_repr": "User: Del rated Guiness 0.0 Alcohol Free Stout - 4 x 440ml, Guiness 0.0 Alcohol Free Stout - 4 x 440ml stars.", "action_flag": 3, "change_message": ""}}, {"model": "admin.logentry", "pk": 82, "fields": {"action_time": "2022-05-17T12:32:35.419Z", "user": 1, "content_type": 18, "object_id": "8", "object_repr": "User: Del rated Guiness 0.0 Alcohol Free Stout - 4 x 440ml, Guiness 0.0 Alcohol Free Stout - 4 x 440ml stars.", "action_flag": 3, "change_message": ""}}, {"model": "admin.logentry", "pk": 83, "fields": {"action_time": "2022-05-17T12:32:35.420Z", "user": 1, "content_type": 18, "object_id": "7", "object_repr": "User: Del rated Guiness 0.0 Alcohol Free Stout - 4 x 440ml, Guiness 0.0 Alcohol Free Stout - 4 x 440ml stars.", "action_flag": 3, "change_message": ""}}, {"model": "admin.logentry", "pk": 84, "fields": {"action_time": "2022-05-17T15:09:58.461Z", "user": 1, "content_type": 4, "object_id": "4", "object_repr": "Tessssst", "action_flag": 3, "change_message": ""}}, {"model": "admin.logentry", "pk": 85, "fields": {"action_time": "2022-05-17T15:09:58.463Z", "user": 1, "content_type": 4, "object_id": "2", "object_repr": "Test", "action_flag": 3, "change_message": ""}}, {"model": "admin.logentry", "pk": 86, "fields": {"action_time": "2022-05-17T15:09:58.465Z", "user": 1, "content_type": 4, "object_id": "3", "object_repr": "Testt", "action_flag": 3, "change_message": ""}}, {"model": "admin.logentry", "pk": 87, "fields": {"action_time": "2022-05-17T17:14:49.579Z", "user": 1, "content_type": 18, "object_id": "16", "object_repr": "User: Del rated Guiness 0.0 Alcohol Free Stout - 4 x 440ml, Guiness 0.0 Alcohol Free Stout - 4 x 440ml stars.", "action_flag": 3, "change_message": ""}}, {"model": "admin.logentry", "pk": 88, "fields": {"action_time": "2022-05-18T13:34:21.746Z", "user": 1, "content_type": 14, "object_id": "1", "object_repr": "Guiness 0.0 Alcohol Free Stout - 4 x 440ml", "action_flag": 2, "change_message": "[{\"changed\": {\"fields\": [\"Rating\"]}}]"}}, {"model": "admin.logentry", "pk": 89, "fields": {"action_time": "2022-05-18T16:28:04.196Z", "user": 1, "content_type": 18, "object_id": "24", "object_repr": "User: Test rated Guiness 0.0 Alcohol Free Stout - 4 x 440ml, Guiness 0.0 Alcohol Free Stout - 4 x 440ml stars.", "action_flag": 3, "change_message": ""}}, {"model": "admin.logentry", "pk": 90, "fields": {"action_time": "2022-05-19T11:44:57.651Z", "user": 1, "content_type": 14, "object_id": "2", "object_repr": "Corona Cero Alcohol Free 0.0% - 4 x 330ml", "action_flag": 2, "change_message": "[{\"changed\": {\"fields\": [\"Rating\"]}}]"}}, {"model": "admin.logentry", "pk": 91, "fields": {"action_time": "2022-05-19T11:45:04.056Z", "user": 1, "content_type": 14, "object_id": "3", "object_repr": "Old Mout Berries & Cherries 0.05% Alcohol Free Cider - 1 x 500ml", "action_flag": 2, "change_message": "[{\"changed\": {\"fields\": [\"Rating\"]}}]"}}, {"model": "admin.logentry", "pk": 92, "fields": {"action_time": "2022-05-19T11:45:08.951Z", "user": 1, "content_type": 14, "object_id": "4", "object_repr": "Brothers Toffee Apple Alcohol Free Cider 0.0% - 1 x 500ml", "action_flag": 2, "change_message": "[{\"changed\": {\"fields\": [\"Rating\"]}}]"}}, {"model": "admin.logentry", "pk": 93, "fields": {"action_time": "2022-05-19T11:45:13.851Z", "user": 1, "content_type": 14, "object_id": "7", "object_repr": "Gordons Gin 0.0 Alcohol Free Spirit 1 x 70cl", "action_flag": 2, "change_message": "[{\"changed\": {\"fields\": [\"Rating\"]}}]"}}, {"model": "admin.logentry", "pk": 94, "fields": {"action_time": "2022-05-19T11:45:19.732Z", "user": 1, "content_type": 14, "object_id": "8", "object_repr": "Three Spirit Social Elixir 1 x 50cl", "action_flag": 2, "change_message": "[{\"changed\": {\"fields\": [\"Rating\"]}}]"}}, {"model": "admin.logentry", "pk": 95, "fields": {"action_time": "2022-05-27T12:54:04.334Z", "user": 1, "content_type": 16, "object_id": "16", "object_repr": "F911971DD44445C18EB4717397AEF533", "action_flag": 3, "change_message": ""}}, {"model": "admin.logentry", "pk": 96, "fields": {"action_time": "2022-05-27T12:54:04.337Z", "user": 1, "content_type": 16, "object_id": "15", "object_repr": "EFA8D5FE3DB742BD84F9C897BD7663DA", "action_flag": 3, "change_message": ""}}, {"model": "admin.logentry", "pk": 97, "fields": {"action_time": "2022-05-27T12:57:30.267Z", "user": 1, "content_type": 16, "object_id": "17", "object_repr": "A1D3DD63B21F42E2968A9F8FC97069DF", "action_flag": 3, "change_message": ""}}, {"model": "admin.logentry", "pk": 98, "fields": {"action_time": "2022-05-27T13:13:48.631Z", "user": 1, "content_type": 16, "object_id": "18", "object_repr": "DD84022044AF41888E4E0D0991D726E6", "action_flag": 3, "change_message": ""}}, {"model": "admin.logentry", "pk": 99, "fields": {"action_time": "2022-05-27T13:18:52.698Z", "user": 1, "content_type": 16, "object_id": "19", "object_repr": "5CD408FC38984760A2F06AD475843517", "action_flag": 3, "change_message": ""}}, {"model": "admin.logentry", "pk": 100, "fields": {"action_time": "2022-06-06T11:11:16.127Z", "user": 1, "content_type": 16, "object_id": "23", "object_repr": "3F087D111BFC4A309E87E8AB5BE7CDF4", "action_flag": 3, "change_message": ""}}, {"model": "auth.user", "pk": 1, "fields": {"password": "pbkdf2_sha256$260000$0ZlDL8sTRCxu3rprLxmUNs$CviPwYIxGug78TO5CXmPkqM54o1ChFsNzgZXXaV0vrI=", "last_login": "2022-06-06T13:32:08.582Z", "is_superuser": true, "username": "Del", "first_name": "Del", "last_name": "", "email": "derek.degoey@hotmail.co.uk", "is_staff": true, "is_active": true, "date_joined": "2022-04-25T08:55:17Z", "groups": [], "user_permissions": []}}, {"model": "auth.user", "pk": 5, "fields": {"password": "pbkdf2_sha256$260000$uO7b5fRYf9P8jJFiCuidhM$GfXbtBjCdxLpEh6HLM0k7q02LmeqQyPGhDiGZi9SvWE=", "last_login": "2022-06-06T11:12:58.813Z", "is_superuser": false, "username": "Delboy", "first_name": "", "last_name": "", "email": "derek.warren83@outlook.com", "is_staff": false, "is_active": true, "date_joined": "2022-05-17T15:11:17.858Z", "groups": [], "user_permissions": []}}, {"model": "auth.user", "pk": 6, "fields": {"password": "pbkdf2_sha256$260000$2zMvkdQD3A7pa1WPAMdu0Z$Xm/37ZgOCBMO2R7tJ2VBbGtORj21Xu1d/ONsX0yGXfE=", "last_login": "2022-05-18T17:14:57.670Z", "is_superuser": false, "username": "Test", "first_name": "", "last_name": "", "email": "test@test.com", "is_staff": false, "is_active": true, "date_joined": "2022-05-18T16:16:53.804Z", "groups": [], "user_permissions": []}}, {"model": "auth.user", "pk": 7, "fields": {"password": "pbkdf2_sha256$260000$ySj0wA7U2DmhpdCvu3JL1t$+YNPR5/KW59SEf5kL7M+EBi+ELlNeI2iP7X7uM9P+H8=", "last_login": "2022-06-06T11:11:36.920Z", "is_superuser": false, "username": "Fred", "first_name": "", "last_name": "", "email": "wovokiy513@krunsea.com", "is_staff": false, "is_active": true, "date_joined": "2022-06-06T10:30:55.631Z", "groups": [], "user_permissions": []}}, {"model": "sessions.session", "pk": "196zcj5u73lfili5bedx9t6xeym22cw7", "fields": {"session_data": ".eJxVjssOgjAURP_lrgnpg1DapXu_obm9baVqWkMh0RD-XTEsdDvnzGRWsLjMo11qmGzyYIBD85s5pFvIO_BXzJfSUsnzlFy7K-1Ba3suPtxPh_s3MGIdP23nOy-Z4ig7UogMMXoiwaTGnrimLhCPRL3XjAQOQUY2KBWF00yrSN9XNdSaSrbh-UjTCwxrwOEFzAoCjNq2N2MwQ8w:1ntqwf:IuGPpe6wHUuF8rLp2BInNxxPAasMEKnp2rNpvCwCx5g", "expire_date": "2022-06-08T13:21:01.432Z"}}, {"model": "sessions.session", "pk": "3ejs2n9rf2gq6nfb232x9ycxzaopqsyf", "fields": {"session_data": ".eJxVjkEOwiAURO_CuiFQmlK6dO8ZyOfzsagBA22jMd5da7rQ7bw3k3kyC8s82aVSsdGzkUnW_GYO8EJpA_4M6ZQ55jSX6Pim8J1Wfsyerofd_RuYoE6ftvOdV0JLUB1qAAEQPGIrlIEepcGOUAbE3huBLQykghi0Dq0zwuiA31eVao05WbrfYnmwUTSswko2ppDZOJeFXm89zUY9:1nyDBV:yS_bI1giMFU0fPUx2VVw4ckHwAzsIbEOnHWM_d9JyP4", "expire_date": "2022-06-20T13:54:21.484Z"}}, {"model": "sessions.session", "pk": "3hanb6tzdzgy9d171xiwod9oy2ydjvtj", "fields": {"session_data": ".eJxVjsEOwiAQRP-FsyFLaUrp0bvfQJZdsKgBU9qkxvjvWtODXue9mcxTOFzm0S01TC6xGIQSh9_MI11D3gBfMJ-LpJLnKXm5KXKnVZ4Kh9txd_8GRqzjp-25ZQ1GoW7JIAJiZKIGtMWOlKU2kIpEHVugBvugI_TGxMZbsCbS91UNtaaSXVjvaXqIAV5vyYhAGQ:1npAJ5:UR9LMmKLdJoX_6Fl5-cHoLIFbhA6-Wim5VWUjR4xTlA", "expire_date": "2022-05-26T15:00:47.041Z"}}, {"model": "sessions.session", "pk": "4bmr7oqbj1cybv3gmqe2s2ax14ix0f2l", "fields": {"session_data": "e30:1noLFC:xNYtjbATAGkE0q7iO6JPdhaEkvq4u_t3gF-8SHWMRuU", "expire_date": "2022-05-24T08:29:22.861Z"}}, {"model": "sessions.session", "pk": "7tr9kltz560uc23e2p6rshur8e4jsban", "fields": {"session_data": ".eJxVjDsOgzAQBe-ydWTZXn8CZfqcAe3aayCJQOJTIe4ekGhoZ-a9DZhaqDcwUJv9AQ2tS9ess0xNn6E-8I0xpa8Mp8gfGtpRpXFYpp7VmajLzuo9Zvm9rvZ20NHcHWs2nJwOJaATzxFtdpm0MKKEUCwFY7AqXjzqSluWGFOK4p-ibcRcEux_eAc7ow:1nmbG4:38ZZU1esdLrhW6cVZX3OyIwF6-0PeXm-QF3Mia_1kME", "expire_date": "2022-05-19T13:11:04.341Z"}}, {"model": "sessions.session", "pk": "900aiq43vgeypp9i8hwrz5pclfs95860", "fields": {"session_data": ".eJxVjEEOwiAQRe_C2pBpaaHt0r1nIMMwWNSAKW2iMd5dSbrQ7X_vv5ewuK2z3QovNnoxiV4cfjeHdOVUgb9gOmdJOa1LdLIqcqdFnrLn23F3_wIzlvn71gQGdKs66gIwjV4j9g0RAYxaBQVNYIXOVDIqbn3XD83QGkeD8UGHGi1cSszJ8uMel6eY4P0BjM0_RA:1nrMOX:WU4vb9zmGONMH2HdAs2QgqJkORQj8u8Tasbu1NdEJT4", "expire_date": "2022-06-01T16:19:29.098Z"}}, {"model": "sessions.session", "pk": "atohi5o98qw6atvh48m7frvr97b4mjz2", "fields": {"session_data": ".eJxVjkEOgyAURO_C2hAQI8Ky-56BfD6gtA00oEkb492rjYt2O29m8lZiYJkns1RfTHREE06a38wC3n06gLtBGjPFnOYSLT0q9KSVXrPzj8vZ_TuYoE772rrOCSY5iA4lAAMIDrFlQkGPXGHnkQfE3imGLQxeBDZIGVqrmJIBv1bV1xpzMv71jOVNNGuIhZHodZfWats-YzBDzQ:1npA5o:fjyRFbyyFRQjj7vIJwc5kjWyR5OP_p2OWITKaNMHSgg", "expire_date": "2022-05-26T14:47:04.827Z"}}, {"model": "sessions.session", "pk": "dh12kewugy8dvuoms3kzuti2h1mqi38x", "fields": {"session_data": "e30:1noLF0:l7sB7DV2RJVZwEE2nS5Gh4-_BxwI6xbMEQpEA-4dBwg", "expire_date": "2022-05-24T08:29:10.758Z"}}, {"model": "sessions.session", "pk": "evk6az3ovgr4op3z1u364x7ng2hbdmi7", "fields": {"session_data": ".eJxVjMsOwiAQRf-FtSHA8LAu3fcbyAwMUjU0Ke3K-O_apAvd3nPOfYmI21rj1nmJUxYXocXpdyNMD247yHdst1mmua3LRHJX5EG7HOfMz-vh_h1U7PVbk6ZklS8eLDsKYLLNqJgA2Pti0GsNQ3HsQA3KEIeQUmB3ZmUC5JLE-wPkdjf3:1njK5r:c2H2eAgklioRnFV1Q1_RDsXqRY14U6dEffdwAAKljkw", "expire_date": "2022-05-10T12:14:59.072Z"}}, {"model": "sessions.session", "pk": "g0ywi7ex013sbjigzxzfjno1aivc3c3z", "fields": {"session_data": "eyJiYWciOnsiMSI6MX19:1nmbiB:DR0h-54YEB1BJgzDoGTW6TCrY__SHBL0T1CbU09cTrs", "expire_date": "2022-05-19T13:40:07.902Z"}}, {"model": "sessions.session", "pk": "hteu84a02qhza78vvmcyskxftnxsa0ke", "fields": {"session_data": "eyJiYWciOnsiMSI6NSwiMyI6MSwiMiI6MSwiOCI6MSwiNCI6OH19:1nlTK0:y0r91ZMbkKp5-BhRQvnehjO5FmivczMRsPQwHejne-U", "expire_date": "2022-05-16T10:30:28.666Z"}}, {"model": "sessions.session", "pk": "j1ftw6o6hp8eg6lniqm6bsxc2nppt21n", "fields": {"session_data": ".eJxVjDsOgzAQBe-yNbJsL7aDy_Q5A9q110ASgcSnQtw9QaKhfTPzdmDqIO7gINoKEKI5KmhpW_t2W2RuhwwRDNw2pvSR8QT5TWM3qTSN6zywOhV10UW9pizf5-XeDnpa-n_NhlOtffFYi-OANteZtDCieF8seWOwKU4c6kZblhBSCuIeom3AXBIcP0mMPLY:1nmGKe:9DYVCYBIZ8EpVdRcwr9EPAdRDltvUOkn8lp3XwpKLtc", "expire_date": "2022-05-18T14:50:24.514Z"}}, {"model": "sessions.session", "pk": "k3m8cslibbf6ljxuxllwplidulg2k0nn", "fields": {"session_data": "e30:1nw2IB:Qn85t-emdi7WeF_tkhH792XN9bDmsycElth1D41YWBQ", "expire_date": "2022-06-14T13:52:15.811Z"}}, {"model": "sessions.session", "pk": "ma2g46bs84qvrucbwieeb52v33nu2fhv", "fields": {"session_data": "eyJiYWciOnsiMiI6NywiMSI6NX19:1nmGtX:-dC4YskjqVJi-05CHbQkyMqjQ8pbWsPQ1ZF2ExMSpDw", "expire_date": "2022-05-18T15:26:27.789Z"}}, {"model": "sessions.session", "pk": "oq9k36bicg7iel1ghtdgcs5frzspt8kv", "fields": {"session_data": "eyJiYWciOnsiMiI6MX19:1nmbga:BTI2SMRQkliVxlXOFfBL95TnCk76bH4pUDScGyVbK8I", "expire_date": "2022-05-19T13:38:28.997Z"}}, {"model": "sessions.session", "pk": "qyrssy3jkkj62e6u5dhxd7cs5cvdomyg", "fields": {"session_data": ".eJxVjDsOgzAQRO-yNbJsL7YDZXrOgHbtNZBEIPGpEHcPSDQ0U8x7MzswdVDvYKA2BdgzjwJa2ta-3RaZ2yFBfcJHxxS_Ml4gfWjsJhWncZ0HVpeibrqoZkrye9_u46CnpT_XbDiW2mePpTgOaFOZSAsjivfZkjcGq-zEoa60ZQkhxiDuJdoGTDnC8QdFUTyw:1nmb1j:41XTF8lgvsPZyy41vp_dVs2-eWsM1nzdOMjI0i8IAfY", "expire_date": "2022-05-19T12:56:15.287Z"}}, {"model": "sessions.session", "pk": "usgy4fb3s50hcdmk3pwqnggkhweqox7o", "fields": {"session_data": ".eJxVjkEOwiAURO_y1w2B0pTC0r1nIJ8PWNSAKW2iaXp3relCt_PeTGYFi8s82qWGySYPBgQ0v5lDuoW8A3_FfCmMSp6n5NiusINWdi4-3E-H-zcwYh0_bec7L7kSKDtSiBwxeqKWS409CU1dIBGJeq85tTgEGfmgVGyd5lpF-r6qodZUsg3PR5peYHgDDi9gVtBgxLa9AWNIQ80:1np5J5:SzdrZKUEC-M7dKxXqJRMOinVMTDk5_qUZg2Nqluq4A4", "expire_date": "2022-05-26T09:40:27.811Z"}}, {"model": "sessions.session", "pk": "vgemixzsaau1wihqwdmkbz22ui5ha53y", "fields": {"session_data": "eyJiYWciOnsiMSI6NDF9fQ:1nlVl6:PGmqM19H2ytd-1Ndnzejd1YzUIzMD9fGjF22B_59xkI", "expire_date": "2022-05-16T13:06:36.283Z"}}, {"model": "sessions.session", "pk": "vkaf02xseto22pnd1ze2uc3vands9i8q", "fields": {"session_data": ".eJxVjDsOgzAQRO-yNbJsL7YDZXrOgHbtNZBEIPGpEHcPSDQ0U8x7MzswdVDvYKC2BeCZRwEtbWvfbovM7ZCgPuGjY4pfGS-QPjR2k4rTuM4Dq0tRN11UMyX5vW_3cdDT0p9rNhxL7bPHUhwHtKlMpIURxftsyRuDVXbiUFfasoQQYxD3Em0Dphzh-ANHYTyz:1nmaQd:_AmxpwFrxKBPtqrwm0dGqD6p5gen_MoM44iS8DwM29U", "expire_date": "2022-05-19T12:17:55.985Z"}}, {"model": "sessions.session", "pk": "ww4dl2wphrue8psds9hy4kvrs6bejh0p", "fields": {"session_data": "e30:1noLFQ:2E5UF1Y8U9_km92mopcP0eByzUom_3myEOXeQZIdUvs", "expire_date": "2022-05-24T08:29:36.538Z"}}, {"model": "sessions.session", "pk": "xec522yyr0grzm0hg8vemb5t15mfmpud", "fields": {"session_data": "eyJfcGFzc3dvcmRfcmVzZXRfa2V5IjoiYjU3YWhuLTViNmUxZmFmZDc4MmM0OTBiZjYyODIxNmRlM2MwNDZmIn0:1noMHb:FFMbn-oSK0A7C2mJ-N-naj_MM-8fERPh6ZLdnsVqD8E", "expire_date": "2022-05-24T09:35:55.768Z"}}, {"model": "sessions.session", "pk": "xzw3w9nuvu6wf6be9m5z587v95zfjzot", "fields": {"session_data": ".eJxVjkEOgyAURO_CuiEgRoRl9z0D-fwPSttAI5q0Md692nTjdt6byazMw8DsyiSzerswB8s8uqWGySVido9PmQd8hHwAukMeCseS5yl5fij8Tyu_FQrP6989DYxQx73tqSUltATVogYQAJEQG6EMdCgNtgFlROzICGygDyqKXuvYeCOMjvh7VUOtqWQX3q80fZgV2xerD0PL:1nqEht:3D7mpjW8CeszuEj58hjuZVeLYX3LT5BbBRA2pL6UJOQ", "expire_date": "2022-05-29T13:54:49.148Z"}}, {"model": "sites.site", "pk": 1, "fields": {"domain": "drydrops.example.com", "name": "Dry Drops"}}, {"model": "account.emailaddress", "pk": 1, "fields": {"user": 1, "email": "derek.degoey@hotmail.co.uk", "verified": true, "primary": true}}, {"model": "account.emailaddress", "pk": 5, "fields": {"user": 5, "email": "derek.warren83@outlook.com", "verified": true, "primary": true}}, {"model": "account.emailaddress", "pk": 6, "fields": {"user": 6, "email": "test@test.com", "verified": true, "primary": true}}, {"model": "account.emailaddress", "pk": 7, "fields": {"user": 7, "email": "wovokiy513@krunsea.com", "verified": true, "primary": true}}, {"model": "products.category", "pk": 1, "fields": {"name": "beers", "friendly_name": "Beers", "image": "beer.jpg"}}, {"model": "products.category", "pk": 2, "fields": {"name": "ciders", "friendly_name": "Ciders", "image": "cider.jpg"}}, {"model": "products.category", "pk": 3, "fields": {"name": "wines", "friendly_name": "Wines", "image": "wine.jpg"}}, {"model": "products.category", "pk": 4, "fields": {"name": "spirits", "friendly_name": "Spirits", "image": "spirits.jpg"}}, {"model": "products.product", "pk": 1, "fields": {"category": 1, "sku": "B01", "name": "Guiness 0.0 Alcohol Free Stout - 4 x 440ml", "description": "Enjoy the same beautifully smooth taste, perfectly balanced flavour and unique dark colour of Guinness Draught. Savour the same dark, ruby red liquid and creamy head, hints of chocolate and coffee, smoothly balanced with bitter, sweet and roasted notes.", "price": "4.99", "image": "guinness-00_ciyE1Sg.jpg", "rating": "5.00", "featured": true, "likes": [7]}}, {"model": "products.product", "pk": 2, "fields": {"category": 1, "sku": "B02", "name": "Corona Cero Alcohol Free 0.0% - 4 x 330ml", "description": "Offering moderate malty and grainy aromas, with slight fruity and citrussy notes, the lower calorie beer caters for consumers looking for a refreshing and non-alcoholic option without compromising on taste.", "price": "4.49", "image": "Corona_Cero_CondensationLime_UK-3.jpg", "rating": "5.00", "featured": false, "likes": [1, 7]}}, {"model": "products.product", "pk": 3, "fields": {"category": 2, "sku": "C01", "name": "Old Mout Berries & Cherries 0.05% x 500ml", "description": "A translucent sunset red, Old Mout Berries & Cherries is warm, deep and sweet.  Enjoy a summery burst of fruits of the forest in the aroma. There’s a special blend of strawberry and raspberry with notes of blueberry and it’s all finished off with a refreshing burst of juicy apple.", "price": "1.99", "image": "old-mout-cider-berries-cherries-600x600.jpg", "rating": "3.50", "featured": false, "likes": []}}, {"model": "products.product", "pk": 4, "fields": {"category": 2, "sku": "C02", "name": "Brothers Toffee Apple Cider 0.0% x 500ml", "description": "Made by 4 brothers in Somerset. They have used there years of knowledge and joy of experimenting with amazing flavour combinations to formulate a new Alcohol Free Toffee Apple flavoured cider.\r\n\r\nExperience the rich taste of apples mixed with a nostalgic toffee sweetness right from the first sip.\r\n\r\nToffee Apple Alcohol Free is a blend of cream soda and smouldering toffee with a rich creamy finish. Bring out your curiosity. Serve chilled over ice.", "price": "1.99", "image": "Brothers-Toffee-Apple-alcohol-free-cider_540x.jpg", "rating": null, "featured": true, "likes": []}}, {"model": "products.product", "pk": 5, "fields": {"category": 3, "sku": "W01", "name": "McGuigan Sauvignon Blanc 0% x 750ml", "description": "Generous aromas of gooseberry and citrus fruits, with a subtle grassy tone. This refreshing full flavoured Sauvignon Blanc delivers flavours of passionfruit and lime while finishing clean and crisp.", "price": "4.99", "image": "72012_McGuigan-Alcohol-Free_Sauvignon-Blanc_No-cap.jpg", "rating": null, "featured": false, "likes": [1]}}, {"model": "products.product", "pk": 6, "fields": {"category": 3, "sku": "W02", "name": "Carl Jung Rosé Wine 0.5% x 70cl", "description": "A beautiful pink alcohol free wine with a fresh fizzy taste. Nice strawberry aromas with a medium finish.\r\n\r\nServed chilled it is a perfect summer drink. With a delicate fruit flavour; goes well with your favourite cheese.", "price": "4.99", "image": "cj-rose.jpg", "rating": "4.50", "featured": false, "likes": [5]}}, {"model": "products.product", "pk": 7, "fields": {"category": 4, "sku": "S01", "name": "Gordons Gin 0.0% x 70cl", "description": "Great taste from Gordon’s. New Gordon’s 0.0% provides the bold, piney juniper led character you’d expect from Gordon’s. Gordon’s 0.0% delivers a truly authentic, vibrant non-alcoholic experience that captures the spirit of Gordons perfectly.Just like your usual Gordon’s and tonic, pour 50ml over ice with your chosen tonic and garnish, then stop for a moment and enjoy! Or why not include in your favourite mocktail?", "price": "12.99", "image": "GORDON-S_NONALC.jpg", "rating": null, "featured": true, "likes": [1, 7]}}, {"model": "products.product", "pk": 8, "fields": {"category": 4, "sku": "S02", "name": "Three Spirit Social Elixir 1 x 50cl", "description": "Three Spirits Social Elixir is dark, bittersweet and curious. An alcohol free spirit powered by plants.\r\n\r\nIt’s a dark herbal elixir to enhance your night.", "price": "19.99", "image": "three-spirit-social-elixir-600x600-1.jpg", "rating": null, "featured": true, "likes": []}}, {"model": "checkout.order", "pk": 7, "fields": {"order_number": "83B082270608443DA8E8FECC1B23378F", "user_profile": 1, "full_name": "Derek", "email": "derek.degoey@hotmail.co.uk", "phone_number": "07542916504", "street_address1": "23 Roman way", "street_address2": null, "town_or_city": "Bicester", "county": "Alabama", "postcode": "OX26 6FH", "country": "GB", "date": "2022-05-10T13:57:14.591Z", "order_total": "4.49", "delivery_cost": "3.00", "grand_total": "7.49", "original_bag": "{\"2\": 1}", "stripe_pid": "pi_3KxtYiAVIL77aOAX1C4ag9ki"}}, {"model": "checkout.order", "pk": 8, "fields": {"order_number": "17807BAB521A41A5B280970781F9EDB2", "user_profile": 1, "full_name": "Derek", "email": "derek.degoey@hotmail.co.uk", "phone_number": "07542916504", "street_address1": "23 Roman way", "street_address2": null, "town_or_city": "Bicester", "county": "Alabama", "postcode": "OX26 6FH", "country": "GB", "date": "2022-05-10T13:58:56.079Z", "order_total": "9.98", "delivery_cost": "6.00", "grand_total": "15.98", "original_bag": "{\"6\": 2}", "stripe_pid": "pi_3KxtaBAVIL77aOAX0jmHsDmQ"}}, {"model": "checkout.order", "pk": 9, "fields": {"order_number": "A711571A73BC428386853B7F7A236B43", "user_profile": 1, "full_name": "Fred", "email": "derek.degoey@hotmail.co.uk", "phone_number": "07542916504", "street_address1": "23 Roman way", "street_address2": null, "town_or_city": "Bicester", "county": "Alabama", "postcode": "OX26 6FH", "country": "UA", "date": "2022-05-10T15:03:50.495Z", "order_total": "4.49", "delivery_cost": "3.00", "grand_total": "7.49", "original_bag": "{\"2\": 1}", "stripe_pid": "pi_3Kxub3AVIL77aOAX1HpxzfS4"}}, {"model": "checkout.order", "pk": 10, "fields": {"order_number": "DD09D22CE580406DBEAA7BAC69945B4A", "user_profile": 1, "full_name": "Del", "email": "derek.degoey@hotmail.co.uk", "phone_number": "07542916504", "street_address1": "23 Roman way", "street_address2": null, "town_or_city": "Bicester", "county": "Alabama", "postcode": "OX26 6FH", "country": "UA", "date": "2022-05-11T08:13:02.972Z", "order_total": "4.99", "delivery_cost": "3.00", "grand_total": "7.99", "original_bag": "{\"1\": 1}", "stripe_pid": "pi_3KyAf5AVIL77aOAX2OanBjLP"}}, {"model": "checkout.order", "pk": 11, "fields": {"order_number": "3CB262B8507E41E89D58DB492CCAD9C1", "user_profile": 1, "full_name": "Del", "email": "derek.degoey@hotmail.co.uk", "phone_number": "07542916504", "street_address1": "23 Roman way", "street_address2": null, "town_or_city": "Bicester", "county": "Alabama", "postcode": "OX26 6FH", "country": "UA", "date": "2022-05-11T08:28:11.619Z", "order_total": "4.49", "delivery_cost": "3.00", "grand_total": "7.49", "original_bag": "{\"2\": 1}", "stripe_pid": "pi_3KyAtoAVIL77aOAX2jq3gD39"}}, {"model": "checkout.order", "pk": 12, "fields": {"order_number": "6AC7F9901B3A4CC6A457E61ACFB294F7", "user_profile": 1, "full_name": "Del", "email": "derek.degoey@hotmail.co.uk", "phone_number": "07542916504", "street_address1": "23 Roman way", "street_address2": null, "town_or_city": "Bicester", "county": "Alabama", "postcode": "OX26 6FH", "country": "UA", "date": "2022-05-11T09:09:21.113Z", "order_total": "4.99", "delivery_cost": "3.00", "grand_total": "7.99", "original_bag": "{\"1\": 1}", "stripe_pid": "pi_3KyAbXAVIL77aOAX3DNX7tfR"}}, {"model": "checkout.order", "pk": 13, "fields": {"order_number": "F3A503CB5FF44C49B0971F41060C3619", "user_profile": 1, "full_name": "Del", "email": "derek.degoey@hotmail.co.uk", "phone_number": "07542916504", "street_address1": "23 Roman way", "street_address2": null, "town_or_city": "Bicester", "county": "Alabama", "postcode": "OX26 6FH", "country": "UA", "date": "2022-05-11T12:05:44.769Z", "order_total": "4.99", "delivery_cost": "3.00", "grand_total": "7.99", "original_bag": "{\"1\": 1}", "stripe_pid": "pi_3KyEIMAVIL77aOAX2HtwCOK8"}}, {"model": "checkout.order", "pk": 14, "fields": {"order_number": "EF6642AA53DD4C9083826D1F4C653CC4", "user_profile": 1, "full_name": "Del", "email": "derek.degoey@hotmail.co.uk", "phone_number": "07542916504", "street_address1": "23 Roman way", "street_address2": null, "town_or_city": "Bicester", "county": "Alabama", "postcode": "OX26 6FH", "country": "UA", "date": "2022-05-23T10:08:44.335Z", "order_total": "4.99", "delivery_cost": "3.00", "grand_total": "7.99", "original_bag": "{\"1\": 1}", "stripe_pid": "pi_3L2YBgAVIL77aOAX1L1HMM5K"}}, {"model": "checkout.order", "pk": 20, "fields": {"order_number": "BF8A8B2C22CA4027B6ED8E7F6E22407E", "user_profile": 3, "full_name": "delboy", "email": "derek.warren83@outlook.com", "phone_number": "07542916504", "street_address1": "23 Roman way", "street_address2": null, "town_or_city": "Bicester", "county": "Alabama", "postcode": "OX26 6FH", "country": "GB", "date": "2022-05-27T13:19:51.441Z", "order_total": "4.99", "delivery_cost": "3.00", "grand_total": "7.99", "original_bag": "{\"1\": 1}", "stripe_pid": "pi_3L434pAVIL77aOAX0UrtPPoA"}}, {"model": "checkout.order", "pk": 21, "fields": {"order_number": "95C57896AA684C0A9205044962FE6995", "user_profile": 1, "full_name": "Del", "email": "derek.degoey@hotmail.co.uk", "phone_number": "07542916504", "street_address1": "23 Roman way", "street_address2": null, "town_or_city": "Bicester", "county": "Alabama", "postcode": "OX26 6FH", "country": "UA", "date": "2022-05-27T16:20:36.552Z", "order_total": "4.49", "delivery_cost": "3.00", "grand_total": "7.49", "original_bag": "{\"2\": 1}", "stripe_pid": "pi_3L45tgAVIL77aOAX1pbqSaqn"}}, {"model": "checkout.order", "pk": 22, "fields": {"order_number": "941CFC1077E84484897794C3D3101C5A", "user_profile": null, "full_name": "Derek", "email": "derek.degoey@hotmail.co.uk", "phone_number": "07542916504", "street_address1": "23 Roman way", "street_address2": null, "town_or_city": "Bicester", "county": "Alabama", "postcode": "OX26 6FH", "country": "GB", "date": "2022-06-06T10:14:05.875Z", "order_total": "14.47", "delivery_cost": "9.00", "grand_total": "23.47", "original_bag": "{\"1\": 2, \"2\": 1}", "stripe_pid": "pi_3L7cw0AVIL77aOAX0CnKn9VG"}}, {"model": "checkout.order", "pk": 24, "fields": {"order_number": "F26F729069C246DDB3D981501F3EC2A2", "user_profile": 1, "full_name": "Del", "email": "derek.degoey@hotmail.co.uk", "phone_number": "07542916504", "street_address1": "23 Roman way", "street_address2": null, "town_or_city": "Bicester", "county": "Alabama", "postcode": "OX26 6FH", "country": "UA", "date": "2022-06-06T13:54:21.370Z", "order_total": "4.49", "delivery_cost": "3.00", "grand_total": "7.49", "original_bag": "{\"2\": 1}", "stripe_pid": "pi_3L7gNZAVIL77aOAX1E9SRYQp"}}, {"model": "checkout.orderlineitem", "pk": 34, "fields": {"order": 7, "product": 2, "quantity": 1, "lineitem_total": "4.49"}}, {"model": "checkout.orderlineitem", "pk": 35, "fields": {"order": 8, "product": 6, "quantity": 2, "lineitem_total": "9.98"}}, {"model": "checkout.orderlineitem", "pk": 36, "fields": {"order": 9, "product": 2, "quantity": 1, "lineitem_total": "4.49"}}, {"model": "checkout.orderlineitem", "pk": 37, "fields": {"order": 10, "product": 1, "quantity": 1, "lineitem_total": "4.99"}}, {"model": "checkout.orderlineitem", "pk": 38, "fields": {"order": 11, "product": 2, "quantity": 1, "lineitem_total": "4.49"}}, {"model": "checkout.orderlineitem", "pk": 39, "fields": {"order": 12, "product": 1, "quantity": 1, "lineitem_total": "4.99"}}, {"model": "checkout.orderlineitem", "pk": 40, "fields": {"order": 13, "product": 1, "quantity": 1, "lineitem_total": "4.99"}}, {"model": "checkout.orderlineitem", "pk": 41, "fields": {"order": 14, "product": 1, "quantity": 1, "lineitem_total": "4.99"}}, {"model": "checkout.orderlineitem", "pk": 47, "fields": {"order": 20, "product": 1, "quantity": 1, "lineitem_total": "4.99"}}, {"model": "checkout.orderlineitem", "pk": 48, "fields": {"order": 21, "product": 2, "quantity": 1, "lineitem_total": "4.49"}}, {"model": "checkout.orderlineitem", "pk": 49, "fields": {"order": 22, "product": 1, "quantity": 2, "lineitem_total": "9.98"}}, {"model": "checkout.orderlineitem", "pk": 50, "fields": {"order": 22, "product": 2, "quantity": 1, "lineitem_total": "4.49"}}, {"model": "checkout.orderlineitem", "pk": 52, "fields": {"order": 24, "product": 2, "quantity": 1, "lineitem_total": "4.49"}}, {"model": "profiles.userprofile", "pk": 1, "fields": {"user": 1, "default_phone_number": "07542916504", "default_street_address1": "23 Roman way", "default_street_address2": null, "default_town_or_city": "Bicester", "default_county": "Alabama", "default_postcode": "OX26 6FH", "default_country": "UA"}}, {"model": "profiles.userprofile", "pk": 3, "fields": {"user": 5, "default_phone_number": null, "default_street_address1": "43 Woodhall Drive", "default_street_address2": null, "default_town_or_city": "Banbury", "default_county": "Oxfordshire", "default_postcode": "OX16 9TY", "default_country": "GB"}}, {"model": "profiles.userprofile", "pk": 4, "fields": {"user": 6, "default_phone_number": null, "default_street_address1": null, "default_street_address2": null, "default_town_or_city": null, "default_county": null, "default_postcode": null, "default_country": null}}, {"model": "profiles.userprofile", "pk": 5, "fields": {"user": 7, "default_phone_number": "07542916504", "default_street_address1": "23 Roman way", "default_street_address2": null, "default_town_or_city": "Bicester", "default_county": "Alabama", "default_postcode": "OX26 6FH", "default_country": "GB"}}, {"model": "review.review", "pk": 40, "fields": {"user": 4, "product": 2, "rating": 5, "body": "Superb!", "created_on": "2022-05-18T18:02:45.420Z"}}, {"model": "review.review", "pk": 41, "fields": {"user": 1, "product": 4, "rating": 5, "body": "Soooooo good!", "created_on": "2022-05-19T12:49:55.389Z"}}, {"model": "review.review", "pk": 52, "fields": {"user": 1, "product": 2, "rating": 5, "body": "Excellent!", "created_on": "2022-05-27T10:17:41.779Z"}}, {"model": "review.review", "pk": 54, "fields": {"user": 1, "product": 1, "rating": 5, "body": "By far my favourite alcohol free beverage! Tastes just like the real thing! Top marks!", "created_on": "2022-05-31T11:09:11.129Z"}}, {"model": "review.review", "pk": 55, "fields": {"user": 1, "product": 3, "rating": 3, "body": "Its not bad. ", "created_on": "2022-06-01T10:41:47.515Z"}}, {"model": "review.review", "pk": 56, "fields": {"user": 1, "product": 6, "rating": 4, "body": "I liked this alot. Would recommend.", "created_on": "2022-06-01T10:42:19.681Z"}}, {"model": "review.review", "pk": 57, "fields": {"user": 3, "product": 3, "rating": 4, "body": "I like it. Would try again.", "created_on": "2022-06-01T11:27:30.572Z"}}, {"model": "review.review", "pk": 59, "fields": {"user": 3, "product": 6, "rating": 5, "body": "Very tasty! Will defo be buying again.", "created_on": "2022-06-06T12:08:53.364Z"}}]